Laufzeit,n
6.74999999998871e-05,10
0.004346300000000136,100
0.4447595999999998,1000
45.7846787,10000
4539.3007692,100000
