Laufzeit,n
3.699999999942714e-05,4
0.0001233999999998847,16
0.0019876999999999256,64
0.028291399999999856,256
0.4524440999999999,1024
7.7344712,4096
123.67133199999999,16384
1953.6145889,65536
